{"cameraMode":{"drawMode":0,"name":"Shaded","section":"Shading Mode"},"sceneLighting":true,"audioPlay":false,"sceneViewState":{"showFog":false,"showMaterialUpdate":false,"showSkybox":false,"showFlares":false,"showImageEffects":false,"showParticleSystems":false},"in2DMode":false,"pivot":{"x":1.6363121271133423,"y":0.678860604763031,"z":4.165685653686523},"rotation":{"x":0.10061619430780411,"y":0.3566322326660156,"z":-0.03866683691740036,"w":0.9280070662498474},"size":4.985621929168701,"orthographic":false}