{"cameraMode":{"drawMode":0,"name":"Shaded","section":"Shading Mode"},"sceneLighting":true,"audioPlay":false,"sceneViewState":{"showFog":false,"showMaterialUpdate":false,"showSkybox":true,"showFlares":false,"showImageEffects":false,"showParticleSystems":false},"in2DMode":false,"pivot":{"x":14.583298683166504,"y":20.389142990112306,"z":-18.124189376831056},"rotation":{"x":-0.28996866941452029,"y":0.2886575758457184,"z":-0.09275539964437485,"w":-0.9079046845436096},"size":0.4722992181777954,"orthographic":false}