{"cameraMode":{"drawMode":0,"name":"Shaded","section":"Shading Mode"},"sceneLighting":false,"audioPlay":false,"sceneViewState":{"showFog":true,"showMaterialUpdate":false,"showSkybox":false,"showFlares":true,"showImageEffects":true,"showParticleSystems":true},"in2DMode":false,"pivot":{"x":-2.764441967010498,"y":0.9312745928764343,"z":-0.8260117769241333},"rotation":{"x":-0.03214821219444275,"y":-0.8180884718894959,"z":0.045937854796648028,"w":-0.5723904967308044},"size":2.818707227706909,"orthographic":false}