{"cameraMode":{"drawMode":0,"name":"Shaded","section":"Shading Mode"},"sceneLighting":false,"audioPlay":false,"sceneViewState":{"showFog":true,"showMaterialUpdate":false,"showSkybox":false,"showFlares":true,"showImageEffects":true,"showParticleSystems":true},"in2DMode":false,"pivot":{"x":-1.7335575819015504,"y":1.277279257774353,"z":1.7803010940551758},"rotation":{"x":0.0016513713635504246,"y":-0.9517275094985962,"z":-0.005143772345036268,"w":-0.306968629360199},"size":2.818707227706909,"orthographic":false}