{"cameraMode":{"drawMode":0,"name":"Shaded","section":"Shading Mode"},"sceneLighting":true,"audioPlay":false,"sceneViewState":{"showFog":false,"showMaterialUpdate":false,"showSkybox":false,"showFlares":false,"showImageEffects":false,"showParticleSystems":false},"in2DMode":false,"pivot":{"x":6.964947700500488,"y":2.5793840885162355,"z":-1.6343871355056763},"rotation":{"x":0.0068635493516922,"y":0.786098837852478,"z":-0.008736049756407738,"w":0.6180523633956909},"size":4.985621929168701,"orthographic":false}