{"cameraMode":{"drawMode":0,"name":"Shaded","section":"Shading Mode"},"sceneLighting":true,"audioPlay":false,"sceneViewState":{"showFog":false,"showMaterialUpdate":false,"showSkybox":true,"showFlares":false,"showImageEffects":false,"showParticleSystems":false},"in2DMode":false,"pivot":{"x":0.18512475490570069,"y":1.333583950996399,"z":-2.995831251144409},"rotation":{"x":0.03977955877780914,"y":0.7280413508415222,"z":-0.04164054989814758,"w":0.6834007501602173},"size":4.985621929168701,"orthographic":false}