{"cameraMode":{"drawMode":0,"name":"Shaded","section":"Shading Mode"},"sceneLighting":true,"audioPlay":false,"sceneViewState":{"showFog":false,"showMaterialUpdate":false,"showSkybox":true,"showFlares":false,"showImageEffects":false,"showParticleSystems":false},"in2DMode":false,"pivot":{"x":-1.1165755987167359,"y":3.950716257095337,"z":2.646902322769165},"rotation":{"x":0.15275584161281587,"y":0.8375791311264038,"z":-0.2925944924354553,"w":0.43580180406570437},"size":4.985621929168701,"orthographic":false}