{"cameraMode":{"drawMode":0,"name":"Shaded","section":"Shading Mode"},"sceneLighting":false,"audioPlay":false,"sceneViewState":{"showFog":true,"showMaterialUpdate":false,"showSkybox":false,"showFlares":true,"showImageEffects":true,"showParticleSystems":true},"in2DMode":false,"pivot":{"x":0.4041598439216614,"y":1.8128889799118043,"z":-1.8734192848205567},"rotation":{"x":-0.04091415926814079,"y":0.2774629294872284,"z":-0.011825067922472954,"w":-0.9598273634910584},"size":4.985622882843018,"orthographic":false}