{"cameraMode":{"drawMode":0,"name":"Shaded","section":"Shading Mode"},"sceneLighting":false,"audioPlay":false,"sceneViewState":{"showFog":true,"showMaterialUpdate":false,"showSkybox":false,"showFlares":true,"showImageEffects":true,"showParticleSystems":true},"in2DMode":false,"pivot":{"x":-1.5170806646347047,"y":1.7113516330718995,"z":2.87998628616333},"rotation":{"x":-0.0036171472165733577,"y":-0.705620288848877,"z":0.0035921824164688589,"w":-0.7085974216461182},"size":2.818707227706909,"orthographic":false}