{"cameraMode":{"drawMode":0,"name":"Shaded","section":"Shading Mode"},"sceneLighting":false,"audioPlay":false,"sceneViewState":{"showFog":true,"showMaterialUpdate":false,"showSkybox":false,"showFlares":true,"showImageEffects":true,"showParticleSystems":true},"in2DMode":false,"pivot":{"x":-0.947655200958252,"y":0.5417191982269287,"z":0.7792297005653381},"rotation":{"x":-0.21098752319812776,"y":0.5330696702003479,"z":-0.13932186365127564,"w":-0.8074604868888855},"size":4.985622882843018,"orthographic":false}