{"cameraMode":{"drawMode":0,"name":"Shaded","section":"Shading Mode"},"sceneLighting":false,"audioPlay":false,"sceneViewState":{"showFog":true,"showMaterialUpdate":false,"showSkybox":false,"showFlares":true,"showImageEffects":true,"showParticleSystems":true},"in2DMode":false,"pivot":{"x":-0.24830159544944764,"y":1.9993760585784913,"z":-5.0512895584106449},"rotation":{"x":-0.12447793036699295,"y":-0.011313905008137226,"z":0.0014194552786648274,"w":-0.9921576976776123},"size":4.985622882843018,"orthographic":false}