{"cameraMode":{"drawMode":0,"name":"Shaded","section":"Shading Mode"},"sceneLighting":true,"audioPlay":false,"sceneViewState":{"showFog":true,"showMaterialUpdate":false,"showSkybox":true,"showFlares":true,"showImageEffects":true,"showParticleSystems":true},"in2DMode":false,"pivot":{"x":2.0346477031707765,"y":1.997262716293335,"z":3.24674391746521},"rotation":{"x":-0.0802059918642044,"y":0.9196754097938538,"z":-0.2640713155269623,"w":-0.27937445044517519},"size":9.15420150756836,"orthographic":false}