{"cameraMode":{"drawMode":0,"name":"Shaded","section":"Shading Mode"},"sceneLighting":false,"audioPlay":false,"sceneViewState":{"showFog":true,"showMaterialUpdate":false,"showSkybox":false,"showFlares":true,"showImageEffects":true,"showParticleSystems":true},"in2DMode":false,"pivot":{"x":-1.3009421825408936,"y":1.921146273612976,"z":-3.119478464126587},"rotation":{"x":-0.056071728467941287,"y":0.8464809656143189,"z":-0.09101409465074539,"w":-0.5216554999351502},"size":4.985622882843018,"orthographic":false}