{"cameraMode":{"drawMode":0,"name":"Shaded","section":"Shading Mode"},"sceneLighting":true,"audioPlay":false,"sceneViewState":{"showFog":false,"showMaterialUpdate":false,"showSkybox":false,"showFlares":false,"showImageEffects":false,"showParticleSystems":false},"in2DMode":false,"pivot":{"x":6.2516045570373539,"y":3.5108258724212648,"z":-0.21017837524414063},"rotation":{"x":-0.10581177473068237,"y":0.2383156567811966,"z":-0.026150669902563096,"w":-0.9650784730911255},"size":12.712697982788086,"orthographic":false}