{"cameraMode":{"drawMode":0,"name":"Shaded","section":"Shading Mode"},"sceneLighting":true,"audioPlay":false,"sceneViewState":{"showFog":false,"showMaterialUpdate":false,"showSkybox":false,"showFlares":false,"showImageEffects":false,"showParticleSystems":false},"in2DMode":false,"pivot":{"x":-210.07994079589845,"y":1.342055320739746,"z":73.35676574707031},"rotation":{"x":0.08883998543024063,"y":0.8509619235992432,"z":-0.1530696302652359,"w":0.4946230947971344},"size":5.390218734741211,"orthographic":false}