{"cameraMode":{"drawMode":0,"name":"Shaded","section":"Shading Mode"},"sceneLighting":true,"audioPlay":false,"sceneViewState":{"showFog":false,"showMaterialUpdate":false,"showSkybox":true,"showFlares":false,"showImageEffects":false,"showParticleSystems":false},"in2DMode":false,"pivot":{"x":2.7642736434936525,"y":3.0139472484588625,"z":1.3584235906600953},"rotation":{"x":-0.05394876003265381,"y":0.840650737285614,"z":-0.08603057265281677,"w":-0.5322632789611816},"size":0.17229920625686646,"orthographic":false}