{"cameraMode":{"drawMode":0,"name":"Shaded","section":"Shading Mode"},"sceneLighting":true,"audioPlay":false,"sceneViewState":{"showFog":false,"showMaterialUpdate":false,"showSkybox":true,"showFlares":false,"showImageEffects":false,"showParticleSystems":false},"in2DMode":false,"pivot":{"x":6.638180255889893,"y":1.2401759624481202,"z":-1.164945363998413},"rotation":{"x":-0.10805679857730866,"y":0.8432115912437439,"z":-0.18476372957229615,"w":-0.4931451082229614},"size":4.985621452331543,"orthographic":false}