{"cameraMode":{"drawMode":0,"name":"Shaded","section":"Shading Mode"},"sceneLighting":false,"audioPlay":false,"sceneViewState":{"showFog":true,"showMaterialUpdate":false,"showSkybox":false,"showFlares":true,"showImageEffects":true,"showParticleSystems":true},"in2DMode":false,"pivot":{"x":-0.10942411422729492,"y":0.9874825477600098,"z":-0.792839527130127},"rotation":{"x":-0.07261442393064499,"y":-0.26107558608055117,"z":0.019698936492204667,"w":-0.9623887538909912},"size":4.985622882843018,"orthographic":false}