{"cameraMode":{"drawMode":0,"name":"Shaded","section":"Shading Mode"},"sceneLighting":true,"audioPlay":false,"sceneViewState":{"showFog":false,"showMaterialUpdate":false,"showSkybox":true,"showFlares":false,"showImageEffects":false,"showParticleSystems":false},"in2DMode":false,"pivot":{"x":2.4958784580230715,"y":0.84665447473526,"z":-5.284692764282227},"rotation":{"x":-0.0912528783082962,"y":-0.7310370206832886,"z":0.09974057227373123,"w":-0.6688500642776489},"size":7.837303638458252,"orthographic":false}