{"cameraMode":{"drawMode":0,"name":"Shaded","section":"Shading Mode"},"sceneLighting":true,"audioPlay":false,"sceneViewState":{"showFog":false,"showMaterialUpdate":false,"showSkybox":true,"showFlares":false,"showImageEffects":false,"showParticleSystems":false},"in2DMode":false,"pivot":{"x":-2.1882967948913576,"y":0.44020164012908938,"z":-1.2718533277511597},"rotation":{"x":-0.12376420944929123,"y":0.6616209149360657,"z":-0.11201184242963791,"w":-0.7310322523117065},"size":4.985621452331543,"orthographic":false}