{"cameraMode":{"drawMode":0,"name":"Shaded","section":"Shading Mode"},"sceneLighting":false,"audioPlay":false,"sceneViewState":{"showFog":true,"showMaterialUpdate":false,"showSkybox":false,"showFlares":true,"showImageEffects":true,"showParticleSystems":true},"in2DMode":false,"pivot":{"x":0.19356656074523927,"y":-0.00016236305236816406,"z":0.16893881559371949},"rotation":{"x":-0.015417000278830529,"y":0.9368667006492615,"z":-0.3468855917453766,"w":-0.04163726791739464},"size":2.818707227706909,"orthographic":false}