{"cameraMode":{"drawMode":0,"name":"Shaded","section":"Shading Mode"},"sceneLighting":true,"audioPlay":false,"sceneViewState":{"showFog":false,"showMaterialUpdate":false,"showSkybox":false,"showFlares":false,"showImageEffects":false,"showParticleSystems":false},"in2DMode":false,"pivot":{"x":0.24061624705791474,"y":0.45583340525627139,"z":-3.7258236408233644},"rotation":{"x":-0.012111029587686062,"y":-0.7904046773910523,"z":0.6123104095458984,"w":-0.015635713934898378},"size":4.985621929168701,"orthographic":false}