{"cameraMode":{"drawMode":0,"name":"Shaded","section":"Shading Mode"},"sceneLighting":false,"audioPlay":false,"sceneViewState":{"showFog":true,"showMaterialUpdate":false,"showSkybox":false,"showFlares":true,"showImageEffects":true,"showParticleSystems":true},"in2DMode":false,"pivot":{"x":-1.1674039363861085,"y":1.8149389028549195,"z":-0.2382715940475464},"rotation":{"x":0.22150610387325288,"y":0.5075574517250061,"z":-0.13686707615852357,"w":0.8213583827018738},"size":2.818707227706909,"orthographic":false}